text,type,urgency,location
Lack of basic medical services reported in Jharkhand.,Medical,Medium,Jharkhand
"Local authorities in Goa report food issues, response needed.",Food,Medium,Goa
Urgent Medical assistance required in Gujarat.,Medical,Medium,Gujarat
Crisis alert: Shelter required in Madhya Pradesh. Urgency is High.,Shelter,High,Madhya Pradesh
"Food emergency reported in Odisha, situation is Medium.",Food,Medium,Odisha
"Ladakh facing food shortage, urgency level: Medium.",Food,Medium,Ladakh
"Appeal for rescue relief in Meghalaya, marked Low urgency.",Rescue,Low,Meghalaya
Crisis alert: Shelter required in Kolkata. Urgency is Low.,Shelter,Low,Kolkata
Volunteers needed for shelter support in Sikkim.,Shelter,High,Sikkim
"Food emergency reported in Delhi, situation is Medium.",Food,Medium,Delhi
Citizens in Kolkata need immediate shelter aid.,Shelter,Medium,Kolkata
"Appeal for other relief in Madhya Pradesh, marked Low urgency.",Other,Low,Madhya Pradesh
Lack of basic rescue services reported in Tripura.,Rescue,High,Tripura
"Appeal for rescue relief in Meghalaya, marked Medium urgency.",Rescue,Medium,Meghalaya
Urgent Food assistance required in Jammu.,Food,High,Jammu
"Medical emergency reported in Gujarat, situation is Low.",Medical,Low,Gujarat
Lack of basic other services reported in Odisha.,Other,Low,Odisha
"Delhi facing medical shortage, urgency level: High.",Medical,High,Delhi
"Jharkhand facing food shortage, urgency level: High.",Food,High,Jharkhand
"Local authorities in Himachal Pradesh report food issues, response needed.",Food,Medium,Himachal Pradesh
Severe food crisis unfolding in Uttar Pradesh.,Food,High,Uttar Pradesh
"Local authorities in Uttar Pradesh report shelter issues, response needed.",Shelter,High,Uttar Pradesh
"Mumbai facing other shortage, urgency level: High.",Other,High,Mumbai
"Local authorities in Bihar report food issues, response needed.",Food,Low,Bihar
Crisis alert: Shelter required in Chennai. Urgency is High.,Shelter,High,Chennai
"Medical emergency reported in Kerala, situation is Medium.",Medical,Medium,Kerala
"Local authorities in Uttar Pradesh report shelter issues, response needed.",Shelter,Medium,Uttar Pradesh
Urgent Food assistance required in Goa.,Food,Low,Goa
"Local authorities in Bihar report medical issues, response needed.",Medical,Medium,Bihar
Urgent Shelter assistance required in Mumbai.,Shelter,Medium,Mumbai
Citizens in Manipur need immediate food aid.,Food,Low,Manipur
"Local authorities in Assam report food issues, response needed.",Food,High,Assam
"Rescue emergency reported in Gujarat, situation is Low.",Rescue,Low,Gujarat
"Appeal for food relief in Andhra Pradesh, marked Medium urgency.",Food,Medium,Andhra Pradesh
Lack of basic medical services reported in Delhi.,Medical,Low,Delhi
Severe rescue crisis unfolding in Chennai.,Rescue,Low,Chennai
Volunteers needed for other support in Manipur.,Other,Medium,Manipur
"Madhya Pradesh facing rescue shortage, urgency level: High.",Rescue,High,Madhya Pradesh
"Appeal for other relief in Manipur, marked Low urgency.",Other,Low,Manipur
Lack of basic food services reported in Meghalaya.,Food,Medium,Meghalaya
"Appeal for food relief in Manipur, marked Medium urgency.",Food,Medium,Manipur
Lack of basic other services reported in Odisha.,Other,High,Odisha
"Shelter emergency reported in Uttar Pradesh, situation is Medium.",Shelter,Medium,Uttar Pradesh
Lack of basic food services reported in Kolkata.,Food,Low,Kolkata
Severe rescue crisis unfolding in Gujarat.,Rescue,Medium,Gujarat
"Local authorities in Madhya Pradesh report other issues, response needed.",Other,Low,Madhya Pradesh
Severe food crisis unfolding in Odisha.,Food,Medium,Odisha
Crisis alert: Medical required in Mumbai. Urgency is Medium.,Medical,Medium,Mumbai
Lack of basic shelter services reported in Kolkata.,Shelter,Medium,Kolkata
"Appeal for shelter relief in Tripura, marked Low urgency.",Shelter,Low,Tripura
Urgent Rescue assistance required in Manipur.,Rescue,Low,Manipur
Volunteers needed for shelter support in Tripura.,Shelter,Medium,Tripura
Severe other crisis unfolding in Meghalaya.,Other,Medium,Meghalaya
"Food emergency reported in Uttar Pradesh, situation is High.",Food,High,Uttar Pradesh
Crisis alert: Food required in Bihar. Urgency is High.,Food,High,Bihar
Severe other crisis unfolding in Kerala.,Other,Low,Kerala
Volunteers needed for medical support in Ladakh.,Medical,Low,Ladakh
Urgent Other assistance required in Kolkata.,Other,Low,Kolkata
Severe food crisis unfolding in Jharkhand.,Food,Low,Jharkhand
"Appeal for shelter relief in Sikkim, marked Low urgency.",Shelter,Low,Sikkim
Urgent Rescue assistance required in Telangana.,Rescue,Low,Telangana
"Mumbai facing other shortage, urgency level: High.",Other,High,Mumbai
"Rescue emergency reported in Tripura, situation is High.",Rescue,High,Tripura
Severe medical crisis unfolding in Telangana.,Medical,Medium,Telangana
"Appeal for rescue relief in Assam, marked Low urgency.",Rescue,Low,Assam
Lack of basic medical services reported in Gujarat.,Medical,Medium,Gujarat
Severe medical crisis unfolding in Himachal Pradesh.,Medical,High,Himachal Pradesh
Citizens in Meghalaya need immediate shelter aid.,Shelter,Medium,Meghalaya
"Local authorities in Delhi report shelter issues, response needed.",Shelter,High,Delhi
Volunteers needed for other support in Telangana.,Other,Medium,Telangana
Volunteers needed for shelter support in Andhra Pradesh.,Shelter,Medium,Andhra Pradesh
Crisis alert: Food required in Andhra Pradesh. Urgency is Medium.,Food,Medium,Andhra Pradesh
Urgent Other assistance required in Jharkhand.,Other,Medium,Jharkhand
Volunteers needed for medical support in Ladakh.,Medical,Medium,Ladakh
"Appeal for food relief in Kerala, marked Medium urgency.",Food,Medium,Kerala
"Local authorities in Tripura report medical issues, response needed.",Medical,High,Tripura
Citizens in Telangana need immediate shelter aid.,Shelter,High,Telangana
"Medical emergency reported in Chennai, situation is High.",Medical,High,Chennai
"Andhra Pradesh facing shelter shortage, urgency level: High.",Shelter,High,Andhra Pradesh
Citizens in Madhya Pradesh need immediate other aid.,Other,High,Madhya Pradesh
Volunteers needed for food support in Odisha.,Food,High,Odisha
"Local authorities in Nagaland report other issues, response needed.",Other,Low,Nagaland
"Shelter emergency reported in Manipur, situation is Low.",Shelter,Low,Manipur
"Kerala facing food shortage, urgency level: Medium.",Food,Medium,Kerala
Crisis alert: Medical required in Punjab. Urgency is Low.,Medical,Low,Punjab
Citizens in Tripura need immediate other aid.,Other,High,Tripura
"Local authorities in Jammu report other issues, response needed.",Other,High,Jammu
Severe shelter crisis unfolding in Nagaland.,Shelter,Low,Nagaland
Severe medical crisis unfolding in Delhi.,Medical,High,Delhi
Volunteers needed for shelter support in Jharkhand.,Shelter,Low,Jharkhand
"Appeal for food relief in Andhra Pradesh, marked Low urgency.",Food,Low,Andhra Pradesh
Lack of basic rescue services reported in Jammu.,Rescue,Medium,Jammu
Crisis alert: Other required in Andhra Pradesh. Urgency is Medium.,Other,Medium,Andhra Pradesh
"Medical emergency reported in Rajasthan, situation is Low.",Medical,Low,Rajasthan
"Medical emergency reported in Tripura, situation is High.",Medical,High,Tripura
Volunteers needed for shelter support in Punjab.,Shelter,Medium,Punjab
"Kerala facing shelter shortage, urgency level: High.",Shelter,High,Kerala
Volunteers needed for medical support in Goa.,Medical,High,Goa
Volunteers needed for other support in Manipur.,Other,Low,Manipur
"Kerala facing food shortage, urgency level: High.",Food,High,Kerala
"Appeal for shelter relief in Manipur, marked High urgency.",Shelter,High,Manipur
Lack of basic rescue services reported in Goa.,Rescue,Low,Goa
Lack of basic other services reported in Rajasthan.,Other,Low,Rajasthan
"Ladakh facing rescue shortage, urgency level: Low.",Rescue,Low,Ladakh
Volunteers needed for other support in Tripura.,Other,Low,Tripura
Lack of basic other services reported in Assam.,Other,Medium,Assam
Crisis alert: Medical required in Mumbai. Urgency is Medium.,Medical,Medium,Mumbai
Urgent Medical assistance required in Madhya Pradesh.,Medical,High,Madhya Pradesh
Citizens in Madhya Pradesh need immediate medical aid.,Medical,Low,Madhya Pradesh
"Delhi facing medical shortage, urgency level: Low.",Medical,Low,Delhi
Crisis alert: Food required in Uttar Pradesh. Urgency is High.,Food,High,Uttar Pradesh
"Local authorities in Mumbai report other issues, response needed.",Other,High,Mumbai
Severe food crisis unfolding in Uttar Pradesh.,Food,Medium,Uttar Pradesh
"Food emergency reported in Telangana, situation is High.",Food,High,Telangana
"Telangana facing rescue shortage, urgency level: Medium.",Rescue,Medium,Telangana
"Medical emergency reported in Meghalaya, situation is Medium.",Medical,Medium,Meghalaya
"Rajasthan facing shelter shortage, urgency level: Medium.",Shelter,Medium,Rajasthan
"Sikkim facing shelter shortage, urgency level: Medium.",Shelter,Medium,Sikkim
Citizens in Himachal Pradesh need immediate medical aid.,Medical,Medium,Himachal Pradesh
Citizens in Punjab need immediate food aid.,Food,Low,Punjab
Volunteers needed for other support in Assam.,Other,Low,Assam
"Appeal for shelter relief in Kolkata, marked High urgency.",Shelter,High,Kolkata
"Meghalaya facing shelter shortage, urgency level: Medium.",Shelter,Medium,Meghalaya
Urgent Food assistance required in Rajasthan.,Food,Medium,Rajasthan
Urgent Other assistance required in Delhi.,Other,Medium,Delhi
Severe medical crisis unfolding in Rajasthan.,Medical,Low,Rajasthan
Lack of basic other services reported in Andhra Pradesh.,Other,Low,Andhra Pradesh
"Appeal for shelter relief in Tripura, marked Medium urgency.",Shelter,Medium,Tripura
"Food emergency reported in Ladakh, situation is Medium.",Food,Medium,Ladakh
Crisis alert: Shelter required in Chennai. Urgency is Medium.,Shelter,Medium,Chennai
Volunteers needed for other support in Bihar.,Other,Low,Bihar
Lack of basic shelter services reported in Mumbai.,Shelter,Low,Mumbai
Lack of basic food services reported in Nagaland.,Food,Low,Nagaland
Urgent Medical assistance required in Andhra Pradesh.,Medical,Medium,Andhra Pradesh
"Local authorities in Himachal Pradesh report food issues, response needed.",Food,High,Himachal Pradesh
Severe shelter crisis unfolding in Telangana.,Shelter,High,Telangana
Citizens in Jammu need immediate rescue aid.,Rescue,Medium,Jammu
Severe food crisis unfolding in Assam.,Food,High,Assam
"Medical emergency reported in Jharkhand, situation is Low.",Medical,Low,Jharkhand
Crisis alert: Other required in Mumbai. Urgency is Medium.,Other,Medium,Mumbai
Citizens in Manipur need immediate medical aid.,Medical,Medium,Manipur
Lack of basic medical services reported in Goa.,Medical,High,Goa
Crisis alert: Rescue required in Mumbai. Urgency is Medium.,Rescue,Medium,Mumbai
Volunteers needed for other support in Sikkim.,Other,Low,Sikkim
Volunteers needed for shelter support in Rajasthan.,Shelter,Medium,Rajasthan
Lack of basic shelter services reported in Meghalaya.,Shelter,Low,Meghalaya
Citizens in Punjab need immediate food aid.,Food,Medium,Punjab
"Appeal for medical relief in Bihar, marked Low urgency.",Medical,Low,Bihar
Citizens in Jharkhand need immediate shelter aid.,Shelter,Low,Jharkhand
Severe rescue crisis unfolding in Mumbai.,Rescue,Medium,Mumbai
Crisis alert: Food required in Ladakh. Urgency is High.,Food,High,Ladakh
Lack of basic food services reported in Gujarat.,Food,Low,Gujarat
"Jharkhand facing food shortage, urgency level: High.",Food,High,Jharkhand
Citizens in Chennai need immediate other aid.,Other,Low,Chennai
Citizens in Odisha need immediate medical aid.,Medical,Low,Odisha
"Shelter emergency reported in Rajasthan, situation is Medium.",Shelter,Medium,Rajasthan
"Appeal for food relief in Jammu, marked Medium urgency.",Food,Medium,Jammu
Citizens in Goa need immediate food aid.,Food,High,Goa
"Appeal for rescue relief in Uttar Pradesh, marked High urgency.",Rescue,High,Uttar Pradesh
Urgent Medical assistance required in Ladakh.,Medical,Medium,Ladakh
Urgent Medical assistance required in Kerala.,Medical,Medium,Kerala
Lack of basic rescue services reported in Manipur.,Rescue,Low,Manipur
"Manipur facing rescue shortage, urgency level: Low.",Rescue,Low,Manipur
"Chennai facing rescue shortage, urgency level: Low.",Rescue,Low,Chennai
Crisis alert: Medical required in Ladakh. Urgency is Medium.,Medical,Medium,Ladakh
Severe shelter crisis unfolding in Assam.,Shelter,High,Assam
"Rescue emergency reported in Bihar, situation is Low.",Rescue,Low,Bihar
"Appeal for shelter relief in Mumbai, marked Low urgency.",Shelter,Low,Mumbai
"Meghalaya facing other shortage, urgency level: Low.",Other,Low,Meghalaya
Lack of basic rescue services reported in Sikkim.,Rescue,High,Sikkim
Urgent Other assistance required in Manipur.,Other,Low,Manipur
"Kerala facing food shortage, urgency level: High.",Food,High,Kerala
Lack of basic medical services reported in Himachal Pradesh.,Medical,Medium,Himachal Pradesh
Severe rescue crisis unfolding in Tripura.,Rescue,High,Tripura
Urgent Shelter assistance required in Tripura.,Shelter,Low,Tripura
Citizens in Gujarat need immediate medical aid.,Medical,High,Gujarat
Lack of basic medical services reported in Kolkata.,Medical,Low,Kolkata
Crisis alert: Food required in Assam. Urgency is Low.,Food,Low,Assam
Volunteers needed for rescue support in Delhi.,Rescue,Medium,Delhi
Severe shelter crisis unfolding in Telangana.,Shelter,Medium,Telangana
Severe food crisis unfolding in Chennai.,Food,Medium,Chennai
"Local authorities in Uttar Pradesh report other issues, response needed.",Other,High,Uttar Pradesh
Severe food crisis unfolding in Andhra Pradesh.,Food,Medium,Andhra Pradesh
Urgent Medical assistance required in Goa.,Medical,Medium,Goa
Lack of basic shelter services reported in Mumbai.,Shelter,High,Mumbai
"Local authorities in Andhra Pradesh report other issues, response needed.",Other,High,Andhra Pradesh
Urgent Rescue assistance required in Rajasthan.,Rescue,Low,Rajasthan
Citizens in Gujarat need immediate rescue aid.,Rescue,Low,Gujarat
Volunteers needed for food support in Ladakh.,Food,High,Ladakh
"Appeal for food relief in Himachal Pradesh, marked Low urgency.",Food,Low,Himachal Pradesh
Lack of basic rescue services reported in Goa.,Rescue,Low,Goa
Crisis alert: Rescue required in Manipur. Urgency is Low.,Rescue,Low,Manipur
Crisis alert: Medical required in Kerala. Urgency is High.,Medical,High,Kerala
Urgent Medical assistance required in Odisha.,Medical,Low,Odisha
"Appeal for shelter relief in Himachal Pradesh, marked Medium urgency.",Shelter,Medium,Himachal Pradesh
"Appeal for rescue relief in Chennai, marked High urgency.",Rescue,High,Chennai
Volunteers needed for food support in Kolkata.,Food,High,Kolkata
Volunteers needed for rescue support in Assam.,Rescue,Medium,Assam
Lack of basic shelter services reported in Rajasthan.,Shelter,Medium,Rajasthan
Citizens in Jammu need immediate rescue aid.,Rescue,Low,Jammu
Citizens in Nagaland need immediate medical aid.,Medical,Medium,Nagaland
"Local authorities in Assam report food issues, response needed.",Food,Medium,Assam
Severe food crisis unfolding in Goa.,Food,Medium,Goa
"Food emergency reported in Kerala, situation is High.",Food,High,Kerala
"Appeal for other relief in Nagaland, marked High urgency.",Other,High,Nagaland
Lack of basic other services reported in Uttar Pradesh.,Other,High,Uttar Pradesh
Volunteers needed for rescue support in Rajasthan.,Rescue,Low,Rajasthan
Citizens in Bihar need immediate shelter aid.,Shelter,Medium,Bihar
"Andhra Pradesh facing rescue shortage, urgency level: High.",Rescue,High,Andhra Pradesh
Volunteers needed for medical support in Rajasthan.,Medical,Low,Rajasthan
"Appeal for shelter relief in Punjab, marked Low urgency.",Shelter,Low,Punjab
Severe food crisis unfolding in Gujarat.,Food,Medium,Gujarat
Lack of basic food services reported in Punjab.,Food,Low,Punjab
Crisis alert: Medical required in Tripura. Urgency is Low.,Medical,Low,Tripura
Citizens in Himachal Pradesh need immediate food aid.,Food,Medium,Himachal Pradesh
"Medical emergency reported in Delhi, situation is Low.",Medical,Low,Delhi
Volunteers needed for other support in Delhi.,Other,High,Delhi
"Appeal for shelter relief in Goa, marked Low urgency.",Shelter,Low,Goa
"Other emergency reported in Sikkim, situation is High.",Other,High,Sikkim
Citizens in Chennai need immediate medical aid.,Medical,Low,Chennai
Citizens in Himachal Pradesh need immediate rescue aid.,Rescue,High,Himachal Pradesh
"Appeal for medical relief in Jharkhand, marked Low urgency.",Medical,Low,Jharkhand
Severe rescue crisis unfolding in Jammu.,Rescue,Medium,Jammu
Lack of basic medical services reported in Meghalaya.,Medical,Medium,Meghalaya
Severe other crisis unfolding in Gujarat.,Other,Low,Gujarat
Crisis alert: Other required in Andhra Pradesh. Urgency is Medium.,Other,Medium,Andhra Pradesh
Volunteers needed for food support in Delhi.,Food,Low,Delhi
"Local authorities in Manipur report medical issues, response needed.",Medical,Medium,Manipur
"Food emergency reported in Telangana, situation is Low.",Food,Low,Telangana
"Appeal for food relief in Gujarat, marked Medium urgency.",Food,Medium,Gujarat
"Appeal for food relief in Delhi, marked Medium urgency.",Food,Medium,Delhi
Lack of basic other services reported in Odisha.,Other,High,Odisha
Urgent Shelter assistance required in Odisha.,Shelter,High,Odisha
Urgent Food assistance required in Meghalaya.,Food,High,Meghalaya
"Bihar facing rescue shortage, urgency level: Medium.",Rescue,Medium,Bihar
Volunteers needed for food support in Sikkim.,Food,Medium,Sikkim
Urgent Food assistance required in Bihar.,Food,Medium,Bihar
Urgent Rescue assistance required in Odisha.,Rescue,High,Odisha
Citizens in Madhya Pradesh need immediate rescue aid.,Rescue,High,Madhya Pradesh
Urgent Shelter assistance required in Assam.,Shelter,Low,Assam
"Local authorities in Sikkim report rescue issues, response needed.",Rescue,Medium,Sikkim
"Other emergency reported in Manipur, situation is Medium.",Other,Medium,Manipur
Severe medical crisis unfolding in Kolkata.,Medical,Medium,Kolkata
"Other emergency reported in Bihar, situation is Medium.",Other,Medium,Bihar
"Local authorities in Andhra Pradesh report medical issues, response needed.",Medical,High,Andhra Pradesh
Lack of basic food services reported in Bihar.,Food,Low,Bihar
Crisis alert: Other required in Himachal Pradesh. Urgency is Low.,Other,Low,Himachal Pradesh
"Shelter emergency reported in Punjab, situation is High.",Shelter,High,Punjab
Citizens in Goa need immediate medical aid.,Medical,Medium,Goa
Volunteers needed for other support in Goa.,Other,Low,Goa
"Punjab facing medical shortage, urgency level: Medium.",Medical,Medium,Punjab
"Appeal for other relief in Mumbai, marked Medium urgency.",Other,Medium,Mumbai
"Appeal for medical relief in Andhra Pradesh, marked High urgency.",Medical,High,Andhra Pradesh
Crisis alert: Medical required in Uttar Pradesh. Urgency is High.,Medical,High,Uttar Pradesh
Crisis alert: Medical required in Punjab. Urgency is Medium.,Medical,Medium,Punjab
Crisis alert: Food required in Jammu. Urgency is Low.,Food,Low,Jammu
"Appeal for food relief in Rajasthan, marked Low urgency.",Food,Low,Rajasthan
Crisis alert: Rescue required in Punjab. Urgency is Low.,Rescue,Low,Punjab
Lack of basic shelter services reported in Kerala.,Shelter,Medium,Kerala
"Bihar facing other shortage, urgency level: High.",Other,High,Bihar
Urgent Shelter assistance required in Manipur.,Shelter,Medium,Manipur
"Shelter emergency reported in Madhya Pradesh, situation is High.",Shelter,High,Madhya Pradesh
Volunteers needed for shelter support in Himachal Pradesh.,Shelter,High,Himachal Pradesh
Lack of basic medical services reported in Meghalaya.,Medical,Medium,Meghalaya
"Rescue emergency reported in Bihar, situation is Medium.",Rescue,Medium,Bihar
"Local authorities in Kolkata report food issues, response needed.",Food,High,Kolkata
"Local authorities in Odisha report medical issues, response needed.",Medical,Medium,Odisha
"Shelter emergency reported in Tripura, situation is High.",Shelter,High,Tripura
Severe other crisis unfolding in Ladakh.,Other,Low,Ladakh
Volunteers needed for other support in Jharkhand.,Other,Medium,Jharkhand
Severe rescue crisis unfolding in Uttar Pradesh.,Rescue,Medium,Uttar Pradesh
"Local authorities in Ladakh report rescue issues, response needed.",Rescue,High,Ladakh
"Local authorities in Gujarat report shelter issues, response needed.",Shelter,Low,Gujarat
Volunteers needed for food support in Nagaland.,Food,High,Nagaland
"Local authorities in Sikkim report shelter issues, response needed.",Shelter,High,Sikkim
Severe rescue crisis unfolding in Kerala.,Rescue,Low,Kerala
Crisis alert: Shelter required in Goa. Urgency is Low.,Shelter,Low,Goa
"Telangana facing medical shortage, urgency level: High.",Medical,High,Telangana
"Medical emergency reported in Delhi, situation is Low.",Medical,Low,Delhi
"Appeal for food relief in Assam, marked Medium urgency.",Food,Medium,Assam
Citizens in Punjab need immediate food aid.,Food,Medium,Punjab
Severe other crisis unfolding in Jharkhand.,Other,Low,Jharkhand
Lack of basic food services reported in Assam.,Food,Low,Assam
"Local authorities in Kolkata report food issues, response needed.",Food,Medium,Kolkata
"Local authorities in Sikkim report rescue issues, response needed.",Rescue,Medium,Sikkim
"Other emergency reported in Jammu, situation is Medium.",Other,Medium,Jammu
Lack of basic food services reported in Nagaland.,Food,High,Nagaland
Lack of basic rescue services reported in Sikkim.,Rescue,Low,Sikkim
Volunteers needed for food support in Mumbai.,Food,Medium,Mumbai
"Other emergency reported in Tripura, situation is Low.",Other,Low,Tripura
Severe medical crisis unfolding in Madhya Pradesh.,Medical,Medium,Madhya Pradesh
"Appeal for food relief in Kolkata, marked Low urgency.",Food,Low,Kolkata
Volunteers needed for rescue support in Punjab.,Rescue,Medium,Punjab
"Food emergency reported in Delhi, situation is Low.",Food,Low,Delhi
"Appeal for rescue relief in Gujarat, marked Medium urgency.",Rescue,Medium,Gujarat
"Medical emergency reported in Tripura, situation is Medium.",Medical,Medium,Tripura
Volunteers needed for medical support in Andhra Pradesh.,Medical,Low,Andhra Pradesh
"Local authorities in Manipur report medical issues, response needed.",Medical,Low,Manipur
"Rescue emergency reported in Delhi, situation is High.",Rescue,High,Delhi
Urgent Rescue assistance required in Uttar Pradesh.,Rescue,Medium,Uttar Pradesh
"Appeal for food relief in Punjab, marked Medium urgency.",Food,Medium,Punjab
Volunteers needed for other support in Telangana.,Other,High,Telangana
"Local authorities in Kolkata report shelter issues, response needed.",Shelter,Medium,Kolkata
Lack of basic other services reported in Sikkim.,Other,Low,Sikkim
Citizens in Rajasthan need immediate food aid.,Food,Low,Rajasthan
Lack of basic rescue services reported in Meghalaya.,Rescue,Medium,Meghalaya
Volunteers needed for medical support in Ladakh.,Medical,High,Ladakh
"Goa facing other shortage, urgency level: High.",Other,High,Goa
Volunteers needed for other support in Himachal Pradesh.,Other,High,Himachal Pradesh
Lack of basic rescue services reported in Goa.,Rescue,Low,Goa
Citizens in Telangana need immediate rescue aid.,Rescue,Medium,Telangana
Citizens in Telangana need immediate shelter aid.,Shelter,High,Telangana
"Appeal for food relief in Assam, marked High urgency.",Food,High,Assam
Urgent Shelter assistance required in Andhra Pradesh.,Shelter,Low,Andhra Pradesh
Severe food crisis unfolding in Himachal Pradesh.,Food,High,Himachal Pradesh
"Appeal for medical relief in Bihar, marked High urgency.",Medical,High,Bihar
"Local authorities in Manipur report shelter issues, response needed.",Shelter,Low,Manipur
Volunteers needed for food support in Kerala.,Food,Low,Kerala
"Appeal for other relief in Sikkim, marked Medium urgency.",Other,Medium,Sikkim
Severe medical crisis unfolding in Himachal Pradesh.,Medical,Medium,Himachal Pradesh
Volunteers needed for medical support in Nagaland.,Medical,Low,Nagaland
Urgent Rescue assistance required in Manipur.,Rescue,Medium,Manipur
Lack of basic other services reported in Jammu.,Other,High,Jammu
Urgent Food assistance required in Jammu.,Food,Low,Jammu
Urgent Shelter assistance required in Madhya Pradesh.,Shelter,Medium,Madhya Pradesh
"Rescue emergency reported in Nagaland, situation is Low.",Rescue,Low,Nagaland
"Chennai facing medical shortage, urgency level: High.",Medical,High,Chennai
Severe other crisis unfolding in Telangana.,Other,High,Telangana
Volunteers needed for other support in Tripura.,Other,Medium,Tripura
Lack of basic shelter services reported in Punjab.,Shelter,Medium,Punjab
Urgent Shelter assistance required in Uttar Pradesh.,Shelter,High,Uttar Pradesh
Lack of basic rescue services reported in Sikkim.,Rescue,High,Sikkim
Citizens in Kolkata need immediate other aid.,Other,Medium,Kolkata
"Local authorities in Kolkata report food issues, response needed.",Food,High,Kolkata
"Local authorities in Tripura report other issues, response needed.",Other,Low,Tripura
"Rescue emergency reported in Sikkim, situation is Low.",Rescue,Low,Sikkim
Urgent Food assistance required in Goa.,Food,Medium,Goa
"Appeal for rescue relief in Odisha, marked Medium urgency.",Rescue,Medium,Odisha
"Medical emergency reported in Tripura, situation is Low.",Medical,Low,Tripura
"Other emergency reported in Uttar Pradesh, situation is Low.",Other,Low,Uttar Pradesh
"Local authorities in Odisha report food issues, response needed.",Food,Medium,Odisha
Citizens in Mumbai need immediate other aid.,Other,Low,Mumbai
Crisis alert: Medical required in Assam. Urgency is Medium.,Medical,Medium,Assam
Citizens in Jharkhand need immediate shelter aid.,Shelter,Medium,Jharkhand
Volunteers needed for rescue support in Sikkim.,Rescue,Medium,Sikkim
Citizens in Tripura need immediate medical aid.,Medical,Low,Tripura
Volunteers needed for shelter support in Odisha.,Shelter,High,Odisha
Citizens in Himachal Pradesh need immediate food aid.,Food,High,Himachal Pradesh
Crisis alert: Rescue required in Himachal Pradesh. Urgency is High.,Rescue,High,Himachal Pradesh
"Assam facing food shortage, urgency level: Medium.",Food,Medium,Assam
Lack of basic other services reported in Nagaland.,Other,Low,Nagaland
Citizens in Himachal Pradesh need immediate shelter aid.,Shelter,Medium,Himachal Pradesh
Lack of basic shelter services reported in Delhi.,Shelter,High,Delhi
"Telangana facing medical shortage, urgency level: Low.",Medical,Low,Telangana
Severe other crisis unfolding in Sikkim.,Other,Low,Sikkim
"Appeal for medical relief in Himachal Pradesh, marked High urgency.",Medical,High,Himachal Pradesh
Crisis alert: Food required in Assam. Urgency is Low.,Food,Low,Assam
Lack of basic rescue services reported in Rajasthan.,Rescue,High,Rajasthan
"Medical emergency reported in Kerala, situation is Low.",Medical,Low,Kerala
Citizens in Tripura need immediate rescue aid.,Rescue,Low,Tripura
Volunteers needed for rescue support in Goa.,Rescue,Medium,Goa
Urgent Food assistance required in Punjab.,Food,High,Punjab
Crisis alert: Rescue required in Madhya Pradesh. Urgency is Medium.,Rescue,Medium,Madhya Pradesh
Crisis alert: Rescue required in Rajasthan. Urgency is Low.,Rescue,Low,Rajasthan
Lack of basic rescue services reported in Bihar.,Rescue,Low,Bihar
Volunteers needed for food support in Nagaland.,Food,Low,Nagaland
Volunteers needed for food support in Manipur.,Food,High,Manipur
"Meghalaya facing other shortage, urgency level: High.",Other,High,Meghalaya
Volunteers needed for rescue support in Gujarat.,Rescue,High,Gujarat
Lack of basic medical services reported in Kerala.,Medical,High,Kerala
Lack of basic shelter services reported in Kolkata.,Shelter,Low,Kolkata
"Local authorities in Rajasthan report other issues, response needed.",Other,Medium,Rajasthan
Citizens in Kerala need immediate other aid.,Other,Low,Kerala
"Appeal for medical relief in Sikkim, marked High urgency.",Medical,High,Sikkim
Severe shelter crisis unfolding in Sikkim.,Shelter,Low,Sikkim
"Madhya Pradesh facing medical shortage, urgency level: Medium.",Medical,Medium,Madhya Pradesh
"Goa facing medical shortage, urgency level: Low.",Medical,Low,Goa
"Appeal for medical relief in Ladakh, marked Low urgency.",Medical,Low,Ladakh
Urgent Other assistance required in Bihar.,Other,Medium,Bihar
Severe shelter crisis unfolding in Andhra Pradesh.,Shelter,High,Andhra Pradesh
"Appeal for shelter relief in Odisha, marked Low urgency.",Shelter,Low,Odisha
Urgent Other assistance required in Manipur.,Other,High,Manipur
Lack of basic medical services reported in Punjab.,Medical,Medium,Punjab
"Local authorities in Gujarat report shelter issues, response needed.",Shelter,High,Gujarat
"Telangana facing food shortage, urgency level: High.",Food,High,Telangana
Citizens in Bihar need immediate food aid.,Food,High,Bihar
Urgent Rescue assistance required in Jharkhand.,Rescue,High,Jharkhand
Crisis alert: Food required in Punjab. Urgency is High.,Food,High,Punjab
Lack of basic rescue services reported in Mumbai.,Rescue,High,Mumbai
Citizens in Assam need immediate shelter aid.,Shelter,High,Assam
Volunteers needed for rescue support in Manipur.,Rescue,High,Manipur
"Odisha facing other shortage, urgency level: Low.",Other,Low,Odisha
Severe medical crisis unfolding in Tripura.,Medical,Medium,Tripura
"Medical emergency reported in Rajasthan, situation is High.",Medical,High,Rajasthan
Crisis alert: Food required in Andhra Pradesh. Urgency is Medium.,Food,Medium,Andhra Pradesh
Lack of basic medical services reported in Andhra Pradesh.,Medical,Medium,Andhra Pradesh
Urgent Rescue assistance required in Kerala.,Rescue,Low,Kerala
Citizens in Odisha need immediate shelter aid.,Shelter,Low,Odisha
Citizens in Nagaland need immediate rescue aid.,Rescue,High,Nagaland
"Appeal for other relief in Kerala, marked High urgency.",Other,High,Kerala
Volunteers needed for medical support in Himachal Pradesh.,Medical,Low,Himachal Pradesh
Crisis alert: Shelter required in Goa. Urgency is High.,Shelter,High,Goa
"Odisha facing medical shortage, urgency level: Low.",Medical,Low,Odisha
"Food emergency reported in Delhi, situation is Low.",Food,Low,Delhi
"Local authorities in Sikkim report other issues, response needed.",Other,Low,Sikkim
Urgent Food assistance required in Manipur.,Food,Medium,Manipur
"Delhi facing shelter shortage, urgency level: Medium.",Shelter,Medium,Delhi
"Appeal for other relief in Madhya Pradesh, marked High urgency.",Other,High,Madhya Pradesh
"Local authorities in Jharkhand report food issues, response needed.",Food,Low,Jharkhand
Urgent Other assistance required in Telangana.,Other,Medium,Telangana
"Appeal for rescue relief in Kerala, marked Medium urgency.",Rescue,Medium,Kerala
Urgent Food assistance required in Sikkim.,Food,Low,Sikkim
Crisis alert: Rescue required in Bihar. Urgency is High.,Rescue,High,Bihar
Lack of basic shelter services reported in Telangana.,Shelter,Low,Telangana
Citizens in Sikkim need immediate other aid.,Other,High,Sikkim
"Local authorities in Chennai report medical issues, response needed.",Medical,High,Chennai
Lack of basic medical services reported in Jharkhand.,Medical,High,Jharkhand
"Ladakh facing shelter shortage, urgency level: Low.",Shelter,Low,Ladakh
Crisis alert: Food required in Himachal Pradesh. Urgency is Medium.,Food,Medium,Himachal Pradesh
Crisis alert: Shelter required in Jharkhand. Urgency is Medium.,Shelter,Medium,Jharkhand
Volunteers needed for medical support in Delhi.,Medical,Low,Delhi
Urgent Medical assistance required in Telangana.,Medical,Low,Telangana
"Local authorities in Delhi report shelter issues, response needed.",Shelter,Low,Delhi
Severe shelter crisis unfolding in Rajasthan.,Shelter,High,Rajasthan
"Appeal for shelter relief in Telangana, marked High urgency.",Shelter,High,Telangana
Lack of basic medical services reported in Punjab.,Medical,Medium,Punjab
Severe medical crisis unfolding in Goa.,Medical,High,Goa
Citizens in Punjab need immediate rescue aid.,Rescue,Low,Punjab
"Local authorities in Tripura report other issues, response needed.",Other,High,Tripura
Citizens in Telangana need immediate shelter aid.,Shelter,Medium,Telangana
Lack of basic rescue services reported in Kerala.,Rescue,High,Kerala
Crisis alert: Medical required in Jharkhand. Urgency is Low.,Medical,Low,Jharkhand
Lack of basic food services reported in Kolkata.,Food,Medium,Kolkata
"Local authorities in Goa report shelter issues, response needed.",Shelter,Low,Goa
"Appeal for other relief in Punjab, marked High urgency.",Other,High,Punjab
"Jammu facing rescue shortage, urgency level: Low.",Rescue,Low,Jammu
"Food emergency reported in Goa, situation is High.",Food,High,Goa
Severe other crisis unfolding in Ladakh.,Other,Medium,Ladakh
"Appeal for food relief in Himachal Pradesh, marked Low urgency.",Food,Low,Himachal Pradesh
Volunteers needed for other support in Bihar.,Other,Low,Bihar
"Appeal for rescue relief in Bihar, marked Low urgency.",Rescue,Low,Bihar
Citizens in Nagaland need immediate rescue aid.,Rescue,Medium,Nagaland
"Local authorities in Rajasthan report rescue issues, response needed.",Rescue,Medium,Rajasthan
"Local authorities in Kerala report medical issues, response needed.",Medical,Medium,Kerala
"Appeal for rescue relief in Assam, marked Medium urgency.",Rescue,Medium,Assam
Urgent Rescue assistance required in Kolkata.,Rescue,High,Kolkata
Citizens in Jharkhand need immediate shelter aid.,Shelter,High,Jharkhand
Volunteers needed for medical support in Bihar.,Medical,Medium,Bihar
"Local authorities in Uttar Pradesh report rescue issues, response needed.",Rescue,Low,Uttar Pradesh
Crisis alert: Shelter required in Jammu. Urgency is Low.,Shelter,Low,Jammu
Volunteers needed for medical support in Mumbai.,Medical,Medium,Mumbai
Severe food crisis unfolding in Punjab.,Food,High,Punjab
Lack of basic other services reported in Delhi.,Other,High,Delhi
"Medical emergency reported in Chennai, situation is High.",Medical,High,Chennai
Lack of basic other services reported in Odisha.,Other,High,Odisha
Volunteers needed for other support in Manipur.,Other,Low,Manipur
"Food emergency reported in Kerala, situation is Medium.",Food,Medium,Kerala
"Medical emergency reported in Ladakh, situation is Medium.",Medical,Medium,Ladakh
"Food emergency reported in Delhi, situation is Medium.",Food,Medium,Delhi
Urgent Shelter assistance required in Kolkata.,Shelter,Low,Kolkata
Citizens in Goa need immediate other aid.,Other,High,Goa
"Chennai facing medical shortage, urgency level: Medium.",Medical,Medium,Chennai
Volunteers needed for shelter support in Nagaland.,Shelter,Medium,Nagaland
Citizens in Chennai need immediate medical aid.,Medical,High,Chennai
Citizens in Jammu need immediate medical aid.,Medical,High,Jammu
Lack of basic medical services reported in Kerala.,Medical,Low,Kerala
"Local authorities in Sikkim report rescue issues, response needed.",Rescue,Medium,Sikkim
"Local authorities in Meghalaya report rescue issues, response needed.",Rescue,Low,Meghalaya
"Sikkim facing food shortage, urgency level: Low.",Food,Low,Sikkim
"Rescue emergency reported in Andhra Pradesh, situation is Low.",Rescue,Low,Andhra Pradesh
"Shelter emergency reported in Manipur, situation is Medium.",Shelter,Medium,Manipur
Crisis alert: Rescue required in Madhya Pradesh. Urgency is High.,Rescue,High,Madhya Pradesh
Severe other crisis unfolding in Ladakh.,Other,Low,Ladakh
Citizens in Chennai need immediate medical aid.,Medical,Medium,Chennai
"Local authorities in Assam report rescue issues, response needed.",Rescue,Low,Assam
Citizens in Goa need immediate rescue aid.,Rescue,Low,Goa
Volunteers needed for food support in Manipur.,Food,High,Manipur
Citizens in Telangana need immediate food aid.,Food,Low,Telangana
Urgent Medical assistance required in Tripura.,Medical,Medium,Tripura
"Local authorities in Himachal Pradesh report shelter issues, response needed.",Shelter,Low,Himachal Pradesh
Volunteers needed for medical support in Jharkhand.,Medical,Medium,Jharkhand
"Local authorities in Bihar report food issues, response needed.",Food,Low,Bihar
"Food emergency reported in Meghalaya, situation is High.",Food,High,Meghalaya
"Gujarat facing other shortage, urgency level: Low.",Other,Low,Gujarat
"Gujarat facing rescue shortage, urgency level: High.",Rescue,High,Gujarat
Crisis alert: Shelter required in Jharkhand. Urgency is High.,Shelter,High,Jharkhand
Crisis alert: Other required in Telangana. Urgency is Low.,Other,Low,Telangana
"Medical emergency reported in Uttar Pradesh, situation is High.",Medical,High,Uttar Pradesh
"Manipur facing medical shortage, urgency level: High.",Medical,High,Manipur
"Appeal for other relief in Manipur, marked Low urgency.",Other,Low,Manipur
"Local authorities in Gujarat report other issues, response needed.",Other,Medium,Gujarat
Volunteers needed for shelter support in Chennai.,Shelter,Medium,Chennai
Volunteers needed for rescue support in Bihar.,Rescue,High,Bihar
"Local authorities in Ladakh report other issues, response needed.",Other,Low,Ladakh
Urgent Food assistance required in Bihar.,Food,Low,Bihar
Citizens in Nagaland need immediate shelter aid.,Shelter,Low,Nagaland
"Local authorities in Mumbai report rescue issues, response needed.",Rescue,High,Mumbai
Volunteers needed for other support in Punjab.,Other,High,Punjab
Urgent Medical assistance required in Telangana.,Medical,High,Telangana
Volunteers needed for shelter support in Goa.,Shelter,Low,Goa
Severe medical crisis unfolding in Rajasthan.,Medical,Low,Rajasthan
"Uttar Pradesh facing shelter shortage, urgency level: High.",Shelter,High,Uttar Pradesh
Lack of basic food services reported in Jharkhand.,Food,High,Jharkhand
Citizens in Sikkim need immediate medical aid.,Medical,Medium,Sikkim
"Medical emergency reported in Bihar, situation is Medium.",Medical,Medium,Bihar
Urgent Medical assistance required in Telangana.,Medical,High,Telangana
Crisis alert: Other required in Telangana. Urgency is Medium.,Other,Medium,Telangana
Urgent Rescue assistance required in Jammu.,Rescue,Low,Jammu
Citizens in Chennai need immediate shelter aid.,Shelter,Medium,Chennai
Urgent Other assistance required in Odisha.,Other,Low,Odisha
Citizens in Mumbai need immediate shelter aid.,Shelter,Low,Mumbai
Crisis alert: Shelter required in Madhya Pradesh. Urgency is Low.,Shelter,Low,Madhya Pradesh
"Appeal for medical relief in Kolkata, marked Low urgency.",Medical,Low,Kolkata
Volunteers needed for food support in Ladakh.,Food,Low,Ladakh
Severe food crisis unfolding in Delhi.,Food,Low,Delhi
Urgent Shelter assistance required in Kolkata.,Shelter,Medium,Kolkata
Lack of basic rescue services reported in Andhra Pradesh.,Rescue,High,Andhra Pradesh
"Appeal for rescue relief in Kolkata, marked High urgency.",Rescue,High,Kolkata
"Bihar facing medical shortage, urgency level: Low.",Medical,Low,Bihar
Citizens in Jammu need immediate other aid.,Other,High,Jammu
Citizens in Goa need immediate food aid.,Food,Medium,Goa
"Rescue emergency reported in Kolkata, situation is Low.",Rescue,Low,Kolkata
Citizens in Bihar need immediate food aid.,Food,Low,Bihar
"Other emergency reported in Uttar Pradesh, situation is Low.",Other,Low,Uttar Pradesh
Crisis alert: Shelter required in Nagaland. Urgency is High.,Shelter,High,Nagaland
Crisis alert: Medical required in Mumbai. Urgency is Medium.,Medical,Medium,Mumbai
Volunteers needed for shelter support in Meghalaya.,Shelter,Low,Meghalaya
Lack of basic other services reported in Rajasthan.,Other,High,Rajasthan
"Appeal for food relief in Jharkhand, marked Medium urgency.",Food,Medium,Jharkhand
Urgent Rescue assistance required in Telangana.,Rescue,High,Telangana
Crisis alert: Food required in Goa. Urgency is Low.,Food,Low,Goa
Lack of basic medical services reported in Mumbai.,Medical,High,Mumbai
Severe rescue crisis unfolding in Gujarat.,Rescue,Low,Gujarat
Crisis alert: Shelter required in Telangana. Urgency is High.,Shelter,High,Telangana
Volunteers needed for shelter support in Jharkhand.,Shelter,Low,Jharkhand
"Local authorities in Assam report rescue issues, response needed.",Rescue,Medium,Assam
"Medical emergency reported in Himachal Pradesh, situation is Low.",Medical,Low,Himachal Pradesh
"Local authorities in Punjab report other issues, response needed.",Other,Medium,Punjab
"Rescue emergency reported in Delhi, situation is Low.",Rescue,Low,Delhi
"Medical emergency reported in Tripura, situation is Low.",Medical,Low,Tripura
Severe medical crisis unfolding in Tripura.,Medical,Medium,Tripura
Citizens in Assam need immediate rescue aid.,Rescue,Low,Assam
Volunteers needed for other support in Tripura.,Other,High,Tripura
"Ladakh facing rescue shortage, urgency level: Low.",Rescue,Low,Ladakh
Urgent Shelter assistance required in Kolkata.,Shelter,Low,Kolkata
Crisis alert: Rescue required in Uttar Pradesh. Urgency is Medium.,Rescue,Medium,Uttar Pradesh
Lack of basic food services reported in Sikkim.,Food,Medium,Sikkim
"Appeal for rescue relief in Assam, marked High urgency.",Rescue,High,Assam
Urgent Rescue assistance required in Uttar Pradesh.,Rescue,High,Uttar Pradesh
Crisis alert: Other required in Kerala. Urgency is Medium.,Other,Medium,Kerala
Lack of basic food services reported in Tripura.,Food,Medium,Tripura
Crisis alert: Rescue required in Delhi. Urgency is High.,Rescue,High,Delhi
Volunteers needed for rescue support in Gujarat.,Rescue,Medium,Gujarat
Lack of basic shelter services reported in Kolkata.,Shelter,Low,Kolkata
Volunteers needed for rescue support in Bihar.,Rescue,Medium,Bihar
"Appeal for rescue relief in Kerala, marked Low urgency.",Rescue,Low,Kerala
"Local authorities in Tripura report food issues, response needed.",Food,High,Tripura
"Medical emergency reported in Bihar, situation is High.",Medical,High,Bihar
Crisis alert: Shelter required in Assam. Urgency is Low.,Shelter,Low,Assam
Crisis alert: Medical required in Kolkata. Urgency is Low.,Medical,Low,Kolkata
Lack of basic medical services reported in Bihar.,Medical,High,Bihar
"Appeal for rescue relief in Kolkata, marked Medium urgency.",Rescue,Medium,Kolkata
Volunteers needed for shelter support in Gujarat.,Shelter,Low,Gujarat
Citizens in Manipur need immediate other aid.,Other,Low,Manipur
Severe medical crisis unfolding in Jammu.,Medical,Medium,Jammu
Citizens in Jammu need immediate shelter aid.,Shelter,High,Jammu
"Appeal for food relief in Punjab, marked High urgency.",Food,High,Punjab
Urgent Other assistance required in Ladakh.,Other,High,Ladakh
Lack of basic medical services reported in Andhra Pradesh.,Medical,Medium,Andhra Pradesh
Lack of basic food services reported in Gujarat.,Food,Low,Gujarat
Lack of basic food services reported in Manipur.,Food,Low,Manipur
"Shelter emergency reported in Ladakh, situation is High.",Shelter,High,Ladakh
Crisis alert: Rescue required in Odisha. Urgency is High.,Rescue,High,Odisha
Severe food crisis unfolding in Gujarat.,Food,Low,Gujarat
Citizens in Andhra Pradesh need immediate shelter aid.,Shelter,High,Andhra Pradesh
Crisis alert: Medical required in Sikkim. Urgency is High.,Medical,High,Sikkim
Citizens in Goa need immediate other aid.,Other,Medium,Goa
"Shelter emergency reported in Andhra Pradesh, situation is Medium.",Shelter,Medium,Andhra Pradesh
Severe other crisis unfolding in Madhya Pradesh.,Other,Medium,Madhya Pradesh
"Medical emergency reported in Meghalaya, situation is Low.",Medical,Low,Meghalaya
Lack of basic rescue services reported in Sikkim.,Rescue,Medium,Sikkim
Volunteers needed for rescue support in Mumbai.,Rescue,Medium,Mumbai
"Kolkata facing rescue shortage, urgency level: Medium.",Rescue,Medium,Kolkata
Crisis alert: Food required in Odisha. Urgency is Medium.,Food,Medium,Odisha
Crisis alert: Rescue required in Ladakh. Urgency is High.,Rescue,High,Ladakh
"Other emergency reported in Meghalaya, situation is Low.",Other,Low,Meghalaya
Crisis alert: Other required in Sikkim. Urgency is High.,Other,High,Sikkim
Volunteers needed for medical support in Himachal Pradesh.,Medical,Medium,Himachal Pradesh
Severe food crisis unfolding in Tripura.,Food,Medium,Tripura
Severe other crisis unfolding in Chennai.,Other,Low,Chennai
"Punjab facing medical shortage, urgency level: Medium.",Medical,Medium,Punjab
Lack of basic shelter services reported in Jharkhand.,Shelter,Low,Jharkhand
Volunteers needed for food support in Manipur.,Food,Medium,Manipur
"Rescue emergency reported in Mumbai, situation is Medium.",Rescue,Medium,Mumbai
Citizens in Manipur need immediate food aid.,Food,High,Manipur
"Chennai facing other shortage, urgency level: Low.",Other,Low,Chennai
"Food emergency reported in Himachal Pradesh, situation is High.",Food,High,Himachal Pradesh
"Goa facing food shortage, urgency level: High.",Food,High,Goa
"Himachal Pradesh facing shelter shortage, urgency level: Medium.",Shelter,Medium,Himachal Pradesh
Crisis alert: Food required in Andhra Pradesh. Urgency is High.,Food,High,Andhra Pradesh
Urgent Rescue assistance required in Punjab.,Rescue,High,Punjab
"Appeal for medical relief in Sikkim, marked High urgency.",Medical,High,Sikkim
"Local authorities in Odisha report rescue issues, response needed.",Rescue,Low,Odisha
"Local authorities in Andhra Pradesh report shelter issues, response needed.",Shelter,High,Andhra Pradesh
"Food emergency reported in Assam, situation is Medium.",Food,Medium,Assam
"Other emergency reported in Manipur, situation is Medium.",Other,Medium,Manipur
Citizens in Chennai need immediate shelter aid.,Shelter,Low,Chennai
Lack of basic other services reported in Assam.,Other,Low,Assam
"Local authorities in Tripura report shelter issues, response needed.",Shelter,Low,Tripura
Crisis alert: Medical required in Mumbai. Urgency is Medium.,Medical,Medium,Mumbai
"Appeal for medical relief in Goa, marked Medium urgency.",Medical,Medium,Goa
Urgent Other assistance required in Ladakh.,Other,Low,Ladakh
"Manipur facing rescue shortage, urgency level: Medium.",Rescue,Medium,Manipur
"Telangana facing shelter shortage, urgency level: Low.",Shelter,Low,Telangana
"Medical emergency reported in Rajasthan, situation is Low.",Medical,Low,Rajasthan
"Gujarat facing rescue shortage, urgency level: Medium.",Rescue,Medium,Gujarat
"Food emergency reported in Jammu, situation is Medium.",Food,Medium,Jammu
Citizens in Manipur need immediate medical aid.,Medical,Low,Manipur
"Appeal for food relief in Mumbai, marked Medium urgency.",Food,Medium,Mumbai
"Appeal for medical relief in Jammu, marked Medium urgency.",Medical,Medium,Jammu
Crisis alert: Rescue required in Kolkata. Urgency is Low.,Rescue,Low,Kolkata
"Shelter emergency reported in Bihar, situation is Medium.",Shelter,Medium,Bihar
Citizens in Gujarat need immediate rescue aid.,Rescue,Medium,Gujarat
"Local authorities in Mumbai report other issues, response needed.",Other,Low,Mumbai
"Rescue emergency reported in Meghalaya, situation is High.",Rescue,High,Meghalaya
"Ladakh facing other shortage, urgency level: High.",Other,High,Ladakh
"Appeal for medical relief in Jharkhand, marked Medium urgency.",Medical,Medium,Jharkhand
"Medical emergency reported in Goa, situation is Medium.",Medical,Medium,Goa
Volunteers needed for food support in Sikkim.,Food,Low,Sikkim
Severe other crisis unfolding in Manipur.,Other,Medium,Manipur
"Appeal for rescue relief in Odisha, marked Low urgency.",Rescue,Low,Odisha
"Local authorities in Bihar report other issues, response needed.",Other,Low,Bihar
"Appeal for food relief in Andhra Pradesh, marked Medium urgency.",Food,Medium,Andhra Pradesh
"Local authorities in Punjab report medical issues, response needed.",Medical,High,Punjab
Severe medical crisis unfolding in Gujarat.,Medical,Medium,Gujarat
"Appeal for rescue relief in Mumbai, marked Low urgency.",Rescue,Low,Mumbai
"Rescue emergency reported in Bihar, situation is Low.",Rescue,Low,Bihar
Crisis alert: Rescue required in Himachal Pradesh. Urgency is Low.,Rescue,Low,Himachal Pradesh
Severe food crisis unfolding in Himachal Pradesh.,Food,Low,Himachal Pradesh
"Local authorities in Sikkim report food issues, response needed.",Food,High,Sikkim
Urgent Other assistance required in Manipur.,Other,High,Manipur
Volunteers needed for rescue support in Sikkim.,Rescue,Medium,Sikkim
Urgent Rescue assistance required in Mumbai.,Rescue,High,Mumbai
"Local authorities in Telangana report shelter issues, response needed.",Shelter,Low,Telangana
Volunteers needed for shelter support in Assam.,Shelter,Low,Assam
Severe rescue crisis unfolding in Jammu.,Rescue,Medium,Jammu
Lack of basic medical services reported in Chennai.,Medical,Medium,Chennai
"Rescue emergency reported in Meghalaya, situation is High.",Rescue,High,Meghalaya
Crisis alert: Other required in Nagaland. Urgency is Low.,Other,Low,Nagaland
"Appeal for other relief in Nagaland, marked Medium urgency.",Other,Medium,Nagaland
Severe shelter crisis unfolding in Chennai.,Shelter,Low,Chennai
"Appeal for shelter relief in Nagaland, marked Low urgency.",Shelter,Low,Nagaland
Severe medical crisis unfolding in Nagaland.,Medical,High,Nagaland
Citizens in Andhra Pradesh need immediate other aid.,Other,Medium,Andhra Pradesh
Urgent Food assistance required in Kerala.,Food,Medium,Kerala
"Food emergency reported in Andhra Pradesh, situation is High.",Food,High,Andhra Pradesh
Urgent Medical assistance required in Uttar Pradesh.,Medical,High,Uttar Pradesh
"Sikkim facing shelter shortage, urgency level: Low.",Shelter,Low,Sikkim
Crisis alert: Food required in Uttar Pradesh. Urgency is Medium.,Food,Medium,Uttar Pradesh
"Shelter emergency reported in Mumbai, situation is High.",Shelter,High,Mumbai
Lack of basic shelter services reported in Bihar.,Shelter,High,Bihar
Crisis alert: Rescue required in Uttar Pradesh. Urgency is High.,Rescue,High,Uttar Pradesh
Volunteers needed for food support in Nagaland.,Food,Medium,Nagaland
"Appeal for rescue relief in Jammu, marked High urgency.",Rescue,High,Jammu
Volunteers needed for food support in Jharkhand.,Food,Low,Jharkhand
"Food emergency reported in Madhya Pradesh, situation is Medium.",Food,Medium,Madhya Pradesh
"Sikkim facing food shortage, urgency level: Low.",Food,Low,Sikkim
"Mumbai facing shelter shortage, urgency level: High.",Shelter,High,Mumbai
Lack of basic shelter services reported in Uttar Pradesh.,Shelter,Medium,Uttar Pradesh
"Jammu facing other shortage, urgency level: Low.",Other,Low,Jammu
"Medical emergency reported in Goa, situation is High.",Medical,High,Goa
Citizens in Assam need immediate food aid.,Food,Low,Assam
"Local authorities in Nagaland report medical issues, response needed.",Medical,High,Nagaland
Citizens in Sikkim need immediate medical aid.,Medical,Low,Sikkim
"Appeal for other relief in Madhya Pradesh, marked Medium urgency.",Other,Medium,Madhya Pradesh
Lack of basic rescue services reported in Goa.,Rescue,Medium,Goa
Citizens in Gujarat need immediate medical aid.,Medical,High,Gujarat
"Appeal for other relief in Assam, marked Low urgency.",Other,Low,Assam
Citizens in Madhya Pradesh need immediate rescue aid.,Rescue,Low,Madhya Pradesh
Citizens in Tripura need immediate rescue aid.,Rescue,Low,Tripura
"Food emergency reported in Delhi, situation is Low.",Food,Low,Delhi
Severe other crisis unfolding in Jammu.,Other,High,Jammu
Lack of basic food services reported in Jharkhand.,Food,Low,Jharkhand
"Telangana facing rescue shortage, urgency level: Low.",Rescue,Low,Telangana
"Medical emergency reported in Kolkata, situation is High.",Medical,High,Kolkata
"Tripura facing shelter shortage, urgency level: Medium.",Shelter,Medium,Tripura
"Uttar Pradesh facing rescue shortage, urgency level: High.",Rescue,High,Uttar Pradesh
Citizens in Andhra Pradesh need immediate other aid.,Other,High,Andhra Pradesh
"Local authorities in Andhra Pradesh report medical issues, response needed.",Medical,Medium,Andhra Pradesh
Volunteers needed for other support in Nagaland.,Other,Low,Nagaland
Citizens in Kolkata need immediate other aid.,Other,High,Kolkata
Severe other crisis unfolding in Goa.,Other,High,Goa
"Rescue emergency reported in Meghalaya, situation is Low.",Rescue,Low,Meghalaya
Urgent Medical assistance required in Delhi.,Medical,Low,Delhi
Urgent Medical assistance required in Jharkhand.,Medical,Low,Jharkhand
Urgent Shelter assistance required in Kerala.,Shelter,High,Kerala
"Delhi facing rescue shortage, urgency level: Medium.",Rescue,Medium,Delhi
"Appeal for shelter relief in Bihar, marked Low urgency.",Shelter,Low,Bihar
Urgent Medical assistance required in Jammu.,Medical,High,Jammu
"Ladakh facing food shortage, urgency level: High.",Food,High,Ladakh
Volunteers needed for food support in Delhi.,Food,High,Delhi
"Appeal for medical relief in Jharkhand, marked Low urgency.",Medical,Low,Jharkhand
Urgent Rescue assistance required in Odisha.,Rescue,Medium,Odisha
"Local authorities in Kolkata report rescue issues, response needed.",Rescue,Low,Kolkata
"Other emergency reported in Goa, situation is Medium.",Other,Medium,Goa
Urgent Other assistance required in Jharkhand.,Other,High,Jharkhand
"Shelter emergency reported in Punjab, situation is Low.",Shelter,Low,Punjab
Urgent Food assistance required in Jammu.,Food,High,Jammu
"Goa facing shelter shortage, urgency level: Low.",Shelter,Low,Goa
"Appeal for rescue relief in Gujarat, marked Medium urgency.",Rescue,Medium,Gujarat
Severe food crisis unfolding in Telangana.,Food,High,Telangana
Urgent Shelter assistance required in Manipur.,Shelter,Low,Manipur
"Food emergency reported in Manipur, situation is High.",Food,High,Manipur
Volunteers needed for other support in Kolkata.,Other,Medium,Kolkata
"Medical emergency reported in Bihar, situation is High.",Medical,High,Bihar
"Madhya Pradesh facing other shortage, urgency level: Low.",Other,Low,Madhya Pradesh
Severe rescue crisis unfolding in Kolkata.,Rescue,High,Kolkata
Crisis alert: Medical required in Jharkhand. Urgency is Low.,Medical,Low,Jharkhand
"Nagaland facing other shortage, urgency level: High.",Other,High,Nagaland
Severe food crisis unfolding in Punjab.,Food,Medium,Punjab
"Appeal for food relief in Nagaland, marked Medium urgency.",Food,Medium,Nagaland
Citizens in Gujarat need immediate medical aid.,Medical,Medium,Gujarat
Lack of basic other services reported in Manipur.,Other,High,Manipur
"Medical emergency reported in Assam, situation is Low.",Medical,Low,Assam
"Appeal for rescue relief in Meghalaya, marked Medium urgency.",Rescue,Medium,Meghalaya
Citizens in Goa need immediate medical aid.,Medical,High,Goa
"Medical emergency reported in Ladakh, situation is High.",Medical,High,Ladakh
"Other emergency reported in Himachal Pradesh, situation is Medium.",Other,Medium,Himachal Pradesh
Urgent Rescue assistance required in Chennai.,Rescue,Low,Chennai
"Appeal for shelter relief in Chennai, marked Low urgency.",Shelter,Low,Chennai
"Food emergency reported in Tripura, situation is High.",Food,High,Tripura
Citizens in Uttar Pradesh need immediate other aid.,Other,Medium,Uttar Pradesh
"Appeal for medical relief in Nagaland, marked Medium urgency.",Medical,Medium,Nagaland
Citizens in Chennai need immediate medical aid.,Medical,Low,Chennai
Citizens in Kerala need immediate rescue aid.,Rescue,Medium,Kerala
"Local authorities in Manipur report food issues, response needed.",Food,Low,Manipur
"Mumbai facing other shortage, urgency level: High.",Other,High,Mumbai
"Local authorities in Jharkhand report rescue issues, response needed.",Rescue,Medium,Jharkhand
"Local authorities in Tripura report medical issues, response needed.",Medical,Medium,Tripura
Severe medical crisis unfolding in Ladakh.,Medical,Low,Ladakh
Severe rescue crisis unfolding in Gujarat.,Rescue,Low,Gujarat
Volunteers needed for other support in Odisha.,Other,Low,Odisha
Urgent Food assistance required in Chennai.,Food,Medium,Chennai
"Local authorities in Nagaland report rescue issues, response needed.",Rescue,Low,Nagaland
Crisis alert: Medical required in Assam. Urgency is Medium.,Medical,Medium,Assam
"Local authorities in Nagaland report food issues, response needed.",Food,High,Nagaland
Lack of basic rescue services reported in Manipur.,Rescue,Medium,Manipur
Crisis alert: Medical required in Andhra Pradesh. Urgency is High.,Medical,High,Andhra Pradesh
Severe rescue crisis unfolding in Gujarat.,Rescue,High,Gujarat
Urgent Food assistance required in Bihar.,Food,Medium,Bihar
Volunteers needed for food support in Bihar.,Food,Low,Bihar
"Appeal for other relief in Uttar Pradesh, marked Low urgency.",Other,Low,Uttar Pradesh
Lack of basic food services reported in Ladakh.,Food,Low,Ladakh
"Other emergency reported in Madhya Pradesh, situation is Medium.",Other,Medium,Madhya Pradesh
"Appeal for medical relief in Assam, marked Medium urgency.",Medical,Medium,Assam
Urgent Rescue assistance required in Madhya Pradesh.,Rescue,High,Madhya Pradesh
Crisis alert: Medical required in Jharkhand. Urgency is Medium.,Medical,Medium,Jharkhand
Lack of basic food services reported in Madhya Pradesh.,Food,Low,Madhya Pradesh
Citizens in Punjab need immediate food aid.,Food,Low,Punjab
Urgent Food assistance required in Mumbai.,Food,Medium,Mumbai
"Other emergency reported in Punjab, situation is Low.",Other,Low,Punjab
"Goa facing rescue shortage, urgency level: Medium.",Rescue,Medium,Goa
Lack of basic shelter services reported in Kolkata.,Shelter,High,Kolkata
Crisis alert: Other required in Ladakh. Urgency is Low.,Other,Low,Ladakh
Citizens in Gujarat need immediate shelter aid.,Shelter,Medium,Gujarat
"Local authorities in Assam report other issues, response needed.",Other,High,Assam
"Local authorities in Madhya Pradesh report medical issues, response needed.",Medical,Medium,Madhya Pradesh
"Appeal for medical relief in Jharkhand, marked High urgency.",Medical,High,Jharkhand
Crisis alert: Food required in Delhi. Urgency is Medium.,Food,Medium,Delhi
"Medical emergency reported in Himachal Pradesh, situation is Medium.",Medical,Medium,Himachal Pradesh
"Appeal for rescue relief in Himachal Pradesh, marked Medium urgency.",Rescue,Medium,Himachal Pradesh
Severe medical crisis unfolding in Mumbai.,Medical,Medium,Mumbai
Lack of basic medical services reported in Jharkhand.,Medical,High,Jharkhand
Volunteers needed for medical support in Himachal Pradesh.,Medical,Medium,Himachal Pradesh
Volunteers needed for other support in Manipur.,Other,Medium,Manipur
Severe other crisis unfolding in Jammu.,Other,Medium,Jammu
Lack of basic rescue services reported in Sikkim.,Rescue,High,Sikkim
Urgent Other assistance required in Odisha.,Other,Low,Odisha
Citizens in Uttar Pradesh need immediate rescue aid.,Rescue,Low,Uttar Pradesh
Lack of basic other services reported in Gujarat.,Other,High,Gujarat
"Jammu facing shelter shortage, urgency level: High.",Shelter,High,Jammu
"Appeal for rescue relief in Tripura, marked Low urgency.",Rescue,Low,Tripura
"Local authorities in Telangana report other issues, response needed.",Other,Low,Telangana
Severe other crisis unfolding in Mumbai.,Other,Medium,Mumbai
Volunteers needed for food support in Tripura.,Food,Low,Tripura
Urgent Rescue assistance required in Nagaland.,Rescue,High,Nagaland
"Other emergency reported in Bihar, situation is High.",Other,High,Bihar
Volunteers needed for other support in Bihar.,Other,Low,Bihar
Volunteers needed for food support in Goa.,Food,Low,Goa
"Local authorities in Gujarat report other issues, response needed.",Other,High,Gujarat
"Local authorities in Delhi report food issues, response needed.",Food,High,Delhi
Volunteers needed for shelter support in Himachal Pradesh.,Shelter,Low,Himachal Pradesh
Citizens in Sikkim need immediate shelter aid.,Shelter,Low,Sikkim
Urgent Medical assistance required in Kolkata.,Medical,High,Kolkata
"Rescue emergency reported in Chennai, situation is Low.",Rescue,Low,Chennai
"Local authorities in Bihar report food issues, response needed.",Food,High,Bihar
Crisis alert: Food required in Jammu. Urgency is Medium.,Food,Medium,Jammu
"Appeal for other relief in Punjab, marked High urgency.",Other,High,Punjab
Severe food crisis unfolding in Tripura.,Food,Low,Tripura
"Appeal for other relief in Madhya Pradesh, marked High urgency.",Other,High,Madhya Pradesh
Volunteers needed for food support in Kolkata.,Food,High,Kolkata
Volunteers needed for shelter support in Gujarat.,Shelter,Medium,Gujarat
Severe other crisis unfolding in Bihar.,Other,High,Bihar
"Medical emergency reported in Meghalaya, situation is Low.",Medical,Low,Meghalaya
Volunteers needed for rescue support in Odisha.,Rescue,Low,Odisha
"Local authorities in Kolkata report other issues, response needed.",Other,High,Kolkata
"Shelter emergency reported in Tripura, situation is Medium.",Shelter,Medium,Tripura
Citizens in Assam need immediate rescue aid.,Rescue,High,Assam
"Local authorities in Telangana report medical issues, response needed.",Medical,High,Telangana
Severe food crisis unfolding in Kolkata.,Food,Low,Kolkata
Lack of basic food services reported in Himachal Pradesh.,Food,Low,Himachal Pradesh
Citizens in Odisha need immediate other aid.,Other,Low,Odisha
Lack of basic food services reported in Chennai.,Food,Low,Chennai
Volunteers needed for other support in Jammu.,Other,Low,Jammu
"Local authorities in Gujarat report rescue issues, response needed.",Rescue,Medium,Gujarat
"Local authorities in Bihar report shelter issues, response needed.",Shelter,High,Bihar
Urgent Rescue assistance required in Meghalaya.,Rescue,Low,Meghalaya
Urgent Rescue assistance required in Kolkata.,Rescue,Low,Kolkata
"Medical emergency reported in Punjab, situation is Low.",Medical,Low,Punjab
"Appeal for shelter relief in Assam, marked Medium urgency.",Shelter,Medium,Assam
Crisis alert: Rescue required in Odisha. Urgency is Medium.,Rescue,Medium,Odisha
"Local authorities in Uttar Pradesh report other issues, response needed.",Other,Medium,Uttar Pradesh
"Other emergency reported in Manipur, situation is Low.",Other,Low,Manipur
"Appeal for rescue relief in Odisha, marked High urgency.",Rescue,High,Odisha
"Manipur facing rescue shortage, urgency level: High.",Rescue,High,Manipur
Lack of basic rescue services reported in Assam.,Rescue,Medium,Assam
Volunteers needed for other support in Manipur.,Other,Medium,Manipur
Volunteers needed for food support in Jharkhand.,Food,Medium,Jharkhand
Crisis alert: Other required in Tripura. Urgency is Low.,Other,Low,Tripura
Volunteers needed for other support in Mumbai.,Other,Low,Mumbai
"Kerala facing medical shortage, urgency level: Low.",Medical,Low,Kerala
Citizens in Jammu need immediate food aid.,Food,Medium,Jammu
"Local authorities in Sikkim report food issues, response needed.",Food,High,Sikkim
Severe other crisis unfolding in Andhra Pradesh.,Other,High,Andhra Pradesh
Severe rescue crisis unfolding in Manipur.,Rescue,Medium,Manipur
"Local authorities in Rajasthan report medical issues, response needed.",Medical,High,Rajasthan
"Local authorities in Chennai report medical issues, response needed.",Medical,High,Chennai
Lack of basic other services reported in Kerala.,Other,High,Kerala
"Bihar facing food shortage, urgency level: High.",Food,High,Bihar
Severe medical crisis unfolding in Jharkhand.,Medical,High,Jharkhand
Lack of basic shelter services reported in Andhra Pradesh.,Shelter,Low,Andhra Pradesh
"Rescue emergency reported in Punjab, situation is Medium.",Rescue,Medium,Punjab
Lack of basic food services reported in Jammu.,Food,Medium,Jammu
Crisis alert: Shelter required in Goa. Urgency is Medium.,Shelter,Medium,Goa
Urgent Shelter assistance required in Odisha.,Shelter,Medium,Odisha
Volunteers needed for medical support in Meghalaya.,Medical,Low,Meghalaya
"Local authorities in Mumbai report rescue issues, response needed.",Rescue,Low,Mumbai
Crisis alert: Other required in Assam. Urgency is High.,Other,High,Assam
Urgent Food assistance required in Himachal Pradesh.,Food,Low,Himachal Pradesh
Volunteers needed for other support in Manipur.,Other,Medium,Manipur
Citizens in Kolkata need immediate rescue aid.,Rescue,Medium,Kolkata
Lack of basic shelter services reported in Telangana.,Shelter,Low,Telangana
Urgent Medical assistance required in Rajasthan.,Medical,Low,Rajasthan
Crisis alert: Other required in Kolkata. Urgency is High.,Other,High,Kolkata
"Delhi facing rescue shortage, urgency level: Low.",Rescue,Low,Delhi
Severe food crisis unfolding in Ladakh.,Food,High,Ladakh
Urgent Food assistance required in Uttar Pradesh.,Food,Medium,Uttar Pradesh
"Medical emergency reported in Odisha, situation is High.",Medical,High,Odisha
Citizens in Punjab need immediate other aid.,Other,Medium,Punjab
"Appeal for food relief in Kerala, marked High urgency.",Food,High,Kerala
Lack of basic other services reported in Delhi.,Other,Low,Delhi
Citizens in Odisha need immediate shelter aid.,Shelter,High,Odisha
Crisis alert: Food required in Goa. Urgency is Low.,Food,Low,Goa
"Kolkata facing medical shortage, urgency level: Low.",Medical,Low,Kolkata
Lack of basic shelter services reported in Chennai.,Shelter,Low,Chennai
Crisis alert: Other required in Assam. Urgency is High.,Other,High,Assam
"Local authorities in Ladakh report food issues, response needed.",Food,Medium,Ladakh
"Food emergency reported in Telangana, situation is Medium.",Food,Medium,Telangana
"Gujarat facing food shortage, urgency level: Low.",Food,Low,Gujarat
Urgent Shelter assistance required in Chennai.,Shelter,Medium,Chennai
"Shelter emergency reported in Bihar, situation is High.",Shelter,High,Bihar
Lack of basic shelter services reported in Ladakh.,Shelter,Low,Ladakh
Volunteers needed for rescue support in Kerala.,Rescue,Low,Kerala
Volunteers needed for shelter support in Telangana.,Shelter,High,Telangana
Volunteers needed for food support in Chennai.,Food,High,Chennai
Crisis alert: Shelter required in Rajasthan. Urgency is High.,Shelter,High,Rajasthan
Lack of basic shelter services reported in Sikkim.,Shelter,High,Sikkim
Severe medical crisis unfolding in Madhya Pradesh.,Medical,High,Madhya Pradesh
Severe medical crisis unfolding in Assam.,Medical,Low,Assam
Severe medical crisis unfolding in Kolkata.,Medical,Medium,Kolkata
Severe food crisis unfolding in Ladakh.,Food,Low,Ladakh
Crisis alert: Other required in Gujarat. Urgency is High.,Other,High,Gujarat
Urgent Food assistance required in Chennai.,Food,High,Chennai
"Local authorities in Kerala report medical issues, response needed.",Medical,Low,Kerala
Severe shelter crisis unfolding in Jammu.,Shelter,Medium,Jammu
"Appeal for rescue relief in Madhya Pradesh, marked High urgency.",Rescue,High,Madhya Pradesh
"Other emergency reported in Meghalaya, situation is High.",Other,High,Meghalaya
Urgent Food assistance required in Odisha.,Food,High,Odisha
Severe other crisis unfolding in Gujarat.,Other,High,Gujarat
"Appeal for rescue relief in Delhi, marked Low urgency.",Rescue,Low,Delhi
Citizens in Delhi need immediate shelter aid.,Shelter,Low,Delhi
"Local authorities in Goa report rescue issues, response needed.",Rescue,Medium,Goa
Severe rescue crisis unfolding in Jammu.,Rescue,High,Jammu
Citizens in Assam need immediate rescue aid.,Rescue,Low,Assam
Volunteers needed for other support in Kerala.,Other,High,Kerala
Severe shelter crisis unfolding in Delhi.,Shelter,Medium,Delhi
"Appeal for food relief in Telangana, marked Medium urgency.",Food,Medium,Telangana
Severe shelter crisis unfolding in Tripura.,Shelter,High,Tripura
"Shelter emergency reported in Bihar, situation is Low.",Shelter,Low,Bihar
Volunteers needed for shelter support in Assam.,Shelter,Medium,Assam
"Local authorities in Bihar report rescue issues, response needed.",Rescue,High,Bihar
Citizens in Odisha need immediate medical aid.,Medical,Medium,Odisha
Crisis alert: Food required in Chennai. Urgency is High.,Food,High,Chennai
"Local authorities in Uttar Pradesh report rescue issues, response needed.",Rescue,Medium,Uttar Pradesh
"Uttar Pradesh facing other shortage, urgency level: High.",Other,High,Uttar Pradesh
"Local authorities in Jammu report other issues, response needed.",Other,Low,Jammu
Crisis alert: Other required in Ladakh. Urgency is High.,Other,High,Ladakh
Urgent Food assistance required in Chennai.,Food,High,Chennai
"Local authorities in Punjab report food issues, response needed.",Food,Medium,Punjab
Urgent Shelter assistance required in Telangana.,Shelter,Low,Telangana
"Local authorities in Ladakh report medical issues, response needed.",Medical,Low,Ladakh
Lack of basic rescue services reported in Uttar Pradesh.,Rescue,High,Uttar Pradesh
Citizens in Odisha need immediate medical aid.,Medical,Low,Odisha
Citizens in Meghalaya need immediate rescue aid.,Rescue,Medium,Meghalaya
Crisis alert: Rescue required in Ladakh. Urgency is High.,Rescue,High,Ladakh
Crisis alert: Shelter required in Bihar. Urgency is High.,Shelter,High,Bihar
"Other emergency reported in Himachal Pradesh, situation is Medium.",Other,Medium,Himachal Pradesh
"Tripura facing food shortage, urgency level: Medium.",Food,Medium,Tripura
Lack of basic rescue services reported in Ladakh.,Rescue,Medium,Ladakh
Crisis alert: Medical required in Punjab. Urgency is Medium.,Medical,Medium,Punjab
Volunteers needed for other support in Punjab.,Other,Low,Punjab
Lack of basic other services reported in Goa.,Other,High,Goa
"Assam facing shelter shortage, urgency level: High.",Shelter,High,Assam
Volunteers needed for food support in Bihar.,Food,Low,Bihar
Severe food crisis unfolding in Jharkhand.,Food,Medium,Jharkhand
Citizens in Gujarat need immediate shelter aid.,Shelter,Low,Gujarat
"Local authorities in Kolkata report rescue issues, response needed.",Rescue,High,Kolkata
Urgent Rescue assistance required in Goa.,Rescue,High,Goa
"Appeal for rescue relief in Goa, marked High urgency.",Rescue,High,Goa
Lack of basic medical services reported in Tripura.,Medical,Medium,Tripura
Severe shelter crisis unfolding in Rajasthan.,Shelter,High,Rajasthan
Crisis alert: Shelter required in Meghalaya. Urgency is Medium.,Shelter,Medium,Meghalaya
Volunteers needed for rescue support in Punjab.,Rescue,High,Punjab
Lack of basic medical services reported in Odisha.,Medical,Medium,Odisha
Volunteers needed for food support in Kerala.,Food,Low,Kerala
Urgent Other assistance required in Tripura.,Other,High,Tripura
"Sikkim facing rescue shortage, urgency level: Low.",Rescue,Low,Sikkim
"Uttar Pradesh facing food shortage, urgency level: High.",Food,High,Uttar Pradesh
"Other emergency reported in Delhi, situation is Low.",Other,Low,Delhi
"Local authorities in Bihar report food issues, response needed.",Food,High,Bihar
Crisis alert: Medical required in Chennai. Urgency is Low.,Medical,Low,Chennai
Crisis alert: Medical required in Uttar Pradesh. Urgency is Medium.,Medical,Medium,Uttar Pradesh
Severe other crisis unfolding in Nagaland.,Other,High,Nagaland
Citizens in Gujarat need immediate shelter aid.,Shelter,Low,Gujarat
Severe food crisis unfolding in Chennai.,Food,High,Chennai
Volunteers needed for shelter support in Jharkhand.,Shelter,Medium,Jharkhand
Urgent Other assistance required in Goa.,Other,Low,Goa
Urgent Rescue assistance required in Delhi.,Rescue,High,Delhi
Urgent Food assistance required in Himachal Pradesh.,Food,Medium,Himachal Pradesh
Severe food crisis unfolding in Manipur.,Food,Medium,Manipur
"Local authorities in Goa report other issues, response needed.",Other,Low,Goa
Severe shelter crisis unfolding in Nagaland.,Shelter,High,Nagaland
"Local authorities in Gujarat report medical issues, response needed.",Medical,Low,Gujarat
Citizens in Telangana need immediate shelter aid.,Shelter,High,Telangana
Citizens in Goa need immediate medical aid.,Medical,High,Goa
"Appeal for shelter relief in Gujarat, marked Low urgency.",Shelter,Low,Gujarat
Urgent Shelter assistance required in Ladakh.,Shelter,High,Ladakh
Citizens in Meghalaya need immediate medical aid.,Medical,Medium,Meghalaya
Volunteers needed for rescue support in Chennai.,Rescue,High,Chennai
"Other emergency reported in Assam, situation is High.",Other,High,Assam
Severe food crisis unfolding in Chennai.,Food,Medium,Chennai
Urgent Rescue assistance required in Bihar.,Rescue,Medium,Bihar
"Appeal for medical relief in Meghalaya, marked High urgency.",Medical,High,Meghalaya
"Local authorities in Uttar Pradesh report shelter issues, response needed.",Shelter,Medium,Uttar Pradesh
"Local authorities in Goa report shelter issues, response needed.",Shelter,Medium,Goa
"Local authorities in Odisha report shelter issues, response needed.",Shelter,High,Odisha
Citizens in Madhya Pradesh need immediate food aid.,Food,Medium,Madhya Pradesh
"Appeal for medical relief in Punjab, marked Medium urgency.",Medical,Medium,Punjab
Volunteers needed for rescue support in Ladakh.,Rescue,Low,Ladakh
Crisis alert: Food required in Gujarat. Urgency is Medium.,Food,Medium,Gujarat
Volunteers needed for food support in Jharkhand.,Food,Medium,Jharkhand
Volunteers needed for medical support in Kolkata.,Medical,Medium,Kolkata
Lack of basic rescue services reported in Telangana.,Rescue,Medium,Telangana
Crisis alert: Food required in Odisha. Urgency is Medium.,Food,Medium,Odisha
Crisis alert: Shelter required in Uttar Pradesh. Urgency is Medium.,Shelter,Medium,Uttar Pradesh
Citizens in Mumbai need immediate food aid.,Food,Medium,Mumbai
"Local authorities in Goa report medical issues, response needed.",Medical,High,Goa
Crisis alert: Medical required in Tripura. Urgency is High.,Medical,High,Tripura
"Appeal for medical relief in Uttar Pradesh, marked Medium urgency.",Medical,Medium,Uttar Pradesh
Lack of basic medical services reported in Uttar Pradesh.,Medical,Low,Uttar Pradesh
"Local authorities in Jammu report other issues, response needed.",Other,High,Jammu
Lack of basic medical services reported in Himachal Pradesh.,Medical,Medium,Himachal Pradesh
"Delhi facing medical shortage, urgency level: High.",Medical,High,Delhi
Citizens in Assam need immediate shelter aid.,Shelter,High,Assam
Volunteers needed for food support in Mumbai.,Food,Medium,Mumbai
Lack of basic other services reported in Mumbai.,Other,Medium,Mumbai
Crisis alert: Rescue required in Odisha. Urgency is High.,Rescue,High,Odisha
Volunteers needed for rescue support in Sikkim.,Rescue,Medium,Sikkim
Severe medical crisis unfolding in Nagaland.,Medical,Medium,Nagaland
"Local authorities in Chennai report rescue issues, response needed.",Rescue,Low,Chennai
Citizens in Andhra Pradesh need immediate medical aid.,Medical,Medium,Andhra Pradesh
Urgent Food assistance required in Sikkim.,Food,Low,Sikkim
"Shelter emergency reported in Punjab, situation is Low.",Shelter,Low,Punjab
"Shelter emergency reported in Andhra Pradesh, situation is Medium.",Shelter,Medium,Andhra Pradesh
Volunteers needed for other support in Himachal Pradesh.,Other,High,Himachal Pradesh
Citizens in Assam need immediate food aid.,Food,Medium,Assam
Lack of basic shelter services reported in Manipur.,Shelter,Medium,Manipur
"Local authorities in Kolkata report medical issues, response needed.",Medical,Low,Kolkata
"Appeal for other relief in Ladakh, marked High urgency.",Other,High,Ladakh
Lack of basic rescue services reported in Kerala.,Rescue,Medium,Kerala
